BveTs Vehicle Performance Table 2.00:shift_jis,
#,
0,120
5,280.00002
10,440.00004
15,600
20,600
25,600
30,600
35,600
40,600
45,600
50,600
55,600
60,600
65,600
70,600
75,600
80,600
85,600
90,600
95,600
100,600
105,600
110,600
115,600
120,600
125,600
130,600
135,600
140,600
145,600
150,600
155,600
160,600
