bvets motor noise table 0.01,,,,,,,,,,
#,0,1,2,3,4,5,6,7,8,9
0,1,1,0,0,0,0,0,0,0,0
37.7,1,1,1,0.858247423,0.789099526,0.692307692,0.598920863,0.477761836,0.858247423,0.93
