BveTs Vehicle Performance Table 1.00,
#,
0,0
5,25
10,50
15,81
20,81
25,81
30,81
35,81
40,81
45,81
50,90
55,99
60,108
65,117
70,126.000036
75,120.6240303
80,114.6600328
85,109.3976791
90,104.7200285
95,100.5347609
100,96.76802765
105,93.36002907
110,90.26183939
115,87.43306298
120,84.84003264
125,82.45442356
130,80.25233353
135,78.21335055
140,76.32002361
145,74.5572579
150,72.91201243
155,71.37292199
160,69.93001998
