BveTs Vehicle Performance Table 1.00,
#,
0,0
5,25
10,50
15,63.79117
20,63.79117
25,63.79117
30,63.79117
35,63.79117
40,63.79117
45,63.79117
50,58.9320492
55,54.9564056
60,64.02995118
65,73.10349675
70,82.17704233
75,91.2505879
80,100.3241335
85,109.3976791
90,104.7200285
95,100.5347609
100,96.76802765
105,93.36002907
110,90.26183939
115,87.43306298
120,84.84003264
125,82.45442356
130,80.25233353
135,78.21335055
140,76.32002361
145,74.5572579
150,72.91201243
155,71.37292199
160,69.93001998
